{
  "train_mae": 0.07124766212033072,
  "train_rmse": 0.12463053070885906,
  "train_r2": 0.9998837354043341,
  "test_mae": 0.07338159001560177,
  "test_rmse": 0.12002654413512062,
  "test_r2": 0.9998927999542394,
  "n_estimators": 200
}